DROP TABLE IF EXISTS "appointments";
DROP TABLE IF EXISTS "availabilities";
DROP TABLE IF EXISTS "providers";
DROP TABLE IF EXISTS "user";

CREATE TABLE "user" (
    "id" SERIAL PRIMARY KEY,
    "username" VARCHAR (80) UNIQUE NOT NULL,
    "password" VARCHAR (1000) NOT NULL,
    "role" VARCHAR (200),
    "first_name" VARCHAR (1000),
    "last_name" VARCHAR (1000),
    "phone" INTEGER,
    "address" VARCHAR (1000),
    "city" VARCHAR (1000),
    "state" VARCHAR (4),
    "zip_code" INTEGER 
);

CREATE TABLE "providers" (
    "id" SERIAL PRIMARY KEY,
    "first_name" VARCHAR (1000) NOT NULL,
    "last_name" VARCHAR (1000) NOT NULL,
    "specialty" VARCHAR (1000) NOT NULL,
    "telemedicine" BOOLEAN,
    "city" VARCHAR (1000) NOT NULL,
    "health_system" VARCHAR (1000) NOT NULL,
    "address" VARCHAR (1000) NOT NULL,
    "state" VARCHAR (4) NOT NULL,
    "zip_code" VARCHAR (1000) NOT NULL
);

CREATE TABLE "availabilities" (
  "id" SERIAL PRIMARY KEY,
  "provider_id" integer REFERENCES "providers" (id) ON DELETE CASCADE,
  "start_time" timestamp without time zone,
  "end_time" timestamp without time zone
);

CREATE TABLE "appointments" (
  "id" SERIAL PRIMARY KEY,
  "start_time" timestamp without time zone,
  "end_time" timestamp without time zone,
  "provider_id"  INT REFERENCES "providers" (id) ON DELETE CASCADE NOT NULL,
  "user_id"  INT REFERENCES "user" (id) ON DELETE CASCADE NOT NULL
);

INSERT INTO "public"."user"("id","username","password","role","first_name","last_name","phone","address","city","state","zip_code")
VALUES
(1,E'guest1',E'$2a$10$Lh6S5wmg9MWi5fuMEyrBBOcLz1ukeDkZ2SN5nsZMcsNXmJB6er3/6',NULL,NULL,NULL,NULL,NULL,NULL,NULL,NULL),
(2,E'guest2',E'$2a$10$dY9WthVtO8412VHfgJFsIOhJDdtiel4NcWU63H4P7q05KzoIIzR8m',NULL,NULL,NULL,NULL,NULL,NULL,NULL,NULL),
(3,E'guest3',E'$2a$10$Vb396jQj1ZgweFk0XS7W2eOntKQs8GisPaXE20S0WzR9UEJKr0cee',NULL,NULL,NULL,NULL,NULL,NULL,NULL,NULL),
(4,E'guest4',E'$2a$10$X5D.lFoIYCnOSffu/4jEnulU0wmRa.gvrIUXOaDosZjCakcPI8Pc.',NULL,NULL,NULL,NULL,NULL,NULL,NULL,NULL),
(5,E'guest5',E'$2a$10$eRh5Me5j6ZtJFOoaWIRkqO0b7cOmWZha3xB4D4f2haElG2DqX9rwq',NULL,NULL,NULL,NULL,NULL,NULL,NULL,NULL),
(6,E'guest6',E'$2a$10$ekIWJ4S7kKdVqBnxS4YtbOETUWzWLhENWwm0/YjeMSF7aohuBddm.',NULL,NULL,NULL,NULL,NULL,NULL,NULL,NULL);
-- Passwords are all 1234

INSERT INTO "public"."providers"("id","first_name","last_name","specialty","telemedicine","city","health_system","address","state","zip_code")
VALUES
(1,E'Olivia',E'Smith',E'PM&R',TRUE,E'St.Cloud',E'CentraCare',E'1900 CentraCare Circle St. Cloud',E' MN',E'56303'),
(2,E'Emma',E'Johnson',E'Orthopedics',TRUE,E'St.Cloud',E'CentraCare',E'811 2nd Street Southeast Little Falls',E' MN',E'56345'),
(3,E'Amelia',E'Williams',E'Physical Therapy',TRUE,E'St.Cloud',E'CentraCare',E'402 Red River Avenue North Cold Spring',E' MN',E'56320'),
(4,E'Ava',E'Brown',E'Family Medicine',FALSE,E'St.Cloud',E'CentraCare',E'811 2nd Street Southeast Little Falls',E' MN',E'56345'),
(5,E'Sophia',E'Jones',E'Family Medicine',FALSE,E'St.Cloud',E'CentraCare',E'1900 CentraCare Circle St. Cloud',E' MN',E'56303'),
(6,E'Charlotte',E'Garcia',E'Psychology',FALSE,E'Minneapolis',E'Fairview',E'980 Rice St.',E' MN',E'55117'),
(7,E'Isabella',E'Miller',E'Orthopedics',TRUE,E'St.Cloud',E'CentraCare',E'1107 Hart Boulevard Monticello',E' MN',E'55362'),
(8,E'Mia',E'Davis',E'Psychology',FALSE,E'Minneapolis',E'Fairview',E'Southdale Place 3400 W. 66th St. Edina',E' MN',E'55435'),
(9,E'Luna',E'Rodriguez',E'Psychology',FALSE,E'St.Cloud',E'CentraCare',E'1107 Hart Boulevard Monticello',E' MN',E'55362'),
(10,E'Harper',E'Martinez',E'Physical Therapy',FALSE,E'St.Cloud',E'CentraCare',E'1360 Elm Street East St. Joseph',E' MN',E'56374');

INSERT INTO "availabilities"
	("provider_id", "start_time", "end_time")
VALUES
	(1, '2022-01-31 08:00:00', '2022-01-31 08:29:59'),
	(1, '2022-01-31 08:30:00', '2022-01-31 08:59:59'),
    (1, '2022-02-01 14:00:00', '2022-02-01 14:29:59'),
	(1, '2022-02-01 14:30:00', '2022-02-01 14:59:59'),
    (1, '2022-02-01 15:00:00', '2022-02-01 15:29:59'),

    (1, '2022-02-02 13:00:00', '2022-02-02 13:29:59'),
	(1, '2022-02-02 13:30:00', '2022-02-02 13:59:59'),

    (1, '2022-02-04 08:00:00', '2022-02-04 08:29:59'),
	(1, '2022-02-04 08:30:00', '2022-02-04 08:59:59'),

    (1, '2022-02-08 13:00:00', '2022-02-08 13:29:59'),
	(1, '2022-02-08 13:30:00', '2022-02-08 13:59:59'),
    (1, '2022-02-08 14:00:00', '2022-02-08 14:29:59'),

    (1, '2022-02-09 08:00:00', '2022-02-09 08:29:59'),
	(1, '2022-02-09 08:30:00', '2022-02-09 08:59:59'),

	(1, '2022-02-09 15:30:00', '2022-02-09 15:59:59'),

	(1, '2022-02-10 09:30:00', '2022-02-10 09:59:59'),
	(1, '2022-02-10 10:00:00', '2022-02-10 10:29:59'),

	(1, '2022-02-10 11:30:00', '2022-02-10 11:59:59'),
    (1, '2022-02-10 13:00:00', '2022-02-10 13:29:59'),
	(1, '2022-02-10 13:30:00', '2022-02-10 13:59:59'),
	(1, '2022-02-11 09:30:00', '2022-02-11 09:59:59'),

    (1, '2022-02-14 13:00:00', '2022-02-14 13:29:59'),
	(1, '2022-02-14 13:30:00', '2022-02-14 13:59:59'),
    (1, '2022-02-14 14:00:00', '2022-02-14 14:29:59'),

	(1, '2022-02-14 15:30:00', '2022-02-14 15:59:59'),
    (1, '2022-02-14 16:00:00', '2022-02-14 16:29:59'),
	(1, '2022-02-14 16:30:00', '2022-02-14 16:59:59'),
    (1, '2022-02-15 08:00:00', '2022-02-15 08:29:59'),

	(1, '2022-02-15 11:30:00', '2022-02-15 11:59:59'),
    (1, '2022-02-15 13:00:00', '2022-02-15 13:29:59'),
	(1, '2022-02-15 13:30:00', '2022-02-15 13:59:59'),

    (1, '2022-02-16 15:00:00', '2022-02-16 15:29:59'),
	(1, '2022-02-16 15:30:00', '2022-02-16 15:59:59'),
 
	(1, '2022-02-17 09:30:00', '2022-02-17 09:59:59'),
	(1, '2022-02-17 10:00:00', '2022-02-17 10:29:59'),

	(1, '2022-02-18 09:30:00', '2022-02-18 09:59:59'),
	(1, '2022-02-18 10:00:00', '2022-02-18 10:29:59'),
	(1, '2022-02-18 10:30:00', '2022-02-18 10:59:59'),
    (1, '2022-02-18 11:00:00', '2022-02-18 11:29:59'),

	(1, '2022-02-18 14:30:00', '2022-02-18 14:59:59'),
    (1, '2022-02-18 15:00:00', '2022-02-18 15:29:59'),
	(1, '2022-02-18 15:30:00', '2022-02-18 15:59:59'),
    (1, '2022-02-18 16:00:00', '2022-02-18 16:29:59'),

	(1, '2022-02-22 13:30:00', '2022-02-22 13:59:59'),
    (1, '2022-02-22 14:00:00', '2022-02-22 14:29:59'),

    (1, '2022-02-22 15:00:00', '2022-02-22 15:29:59'),
	(1, '2022-02-22 15:30:00', '2022-02-22 15:59:59'),
    (1, '2022-02-22 16:00:00', '2022-02-22 16:29:59'),

    (1, '2022-02-23 11:00:00', '2022-02-23 11:29:59'),
	(1, '2022-02-23 11:30:00', '2022-02-23 11:59:59'),
    (1, '2022-02-23 13:00:00', '2022-02-23 13:29:59'),

    (1, '2022-02-24 14:00:00', '2022-02-24 14:29:59'),

    (1, '2022-02-25 08:00:00', '2022-02-25 08:29:59'),
	(1, '2022-02-25 08:30:00', '2022-02-25 08:59:59'),

    (1, '2022-02-28 16:00:00', '2022-02-28 16:29:59'),
	(1, '2022-02-28 16:30:00', '2022-02-28 16:59:59'),
    (1, '2022-03-01 08:00:00', '2022-03-01 08:29:59'),

    (1, '2022-03-01 15:00:00', '2022-03-01 15:29:59'),
	(1, '2022-03-01 15:30:00', '2022-03-01 15:59:59'),
    (1, '2022-03-01 16:00:00', '2022-03-01 16:29:59'),

	(1, '2022-03-03 10:30:00', '2022-03-03 10:59:59'),
    (1, '2022-03-03 11:00:00', '2022-03-03 11:29:59'),
	(1, '2022-03-03 11:30:00', '2022-03-03 11:59:59'),
  
	(1, '2022-03-03 15:30:00', '2022-03-03 15:59:59'),
    (1, '2022-03-03 16:00:00', '2022-03-03 16:29:59'),

    (1, '2022-03-04 16:00:00', '2022-03-04 16:29:59'),
	(1, '2022-03-04 16:30:00', '2022-03-04 16:59:59'),





    (2, '2022-01-31 08:00:00', '2022-01-31 08:29:59'),
	(2, '2022-01-31 08:30:00', '2022-01-31 08:59:59'),

    (2, '2022-02-03 14:00:00', '2022-02-03 14:29:59'),
	(2, '2022-02-03 14:30:00', '2022-02-03 14:59:59'),
  
	(2, '2022-02-04 09:00:00', '2022-02-04 09:29:59'),

    (2, '2022-02-07 13:00:00', '2022-02-07 13:29:59'),
	(2, '2022-02-07 13:30:00', '2022-02-07 13:59:59'),
 
    (2, '2022-02-08 08:00:00', '2022-02-08 08:29:59'),
	(2, '2022-02-08 08:30:00', '2022-02-08 08:59:59'),

    (2, '2022-02-08 16:00:00', '2022-02-08 16:29:59'),
	(2, '2022-02-08 16:30:00', '2022-02-08 16:59:59'),
  
	(2, '2022-02-09 11:30:00', '2022-02-09 11:59:59'),
    (2, '2022-02-09 13:00:00', '2022-02-09 13:29:59'),
	
	(2, '2022-02-09 15:30:00', '2022-02-09 15:59:59'),
    (2, '2022-02-09 16:00:00', '2022-02-09 16:29:59'),
	(2, '2022-02-09 16:30:00', '2022-02-09 16:59:59'),
    (2, '2022-02-10 08:00:00', '2022-02-10 08:29:59'),

    (2, '2022-02-10 13:00:00', '2022-02-10 13:29:59'),
	(2, '2022-02-10 13:30:00', '2022-02-10 13:59:59'),
  
	(2, '2022-02-11 08:30:00', '2022-02-11 08:59:59'),

	(2, '2022-02-11 13:30:00', '2022-02-11 13:59:59'),
  
    (2, '2022-02-15 14:00:00', '2022-02-15 14:29:59'),
	(2, '2022-02-15 14:30:00', '2022-02-15 14:59:59'),
 
    (2, '2022-02-16 11:00:00', '2022-02-16 11:29:59'),
	(2, '2022-02-16 11:30:00', '2022-02-16 11:59:59'),
 
	(2, '2022-02-17 08:30:00', '2022-02-17 08:59:59'),

	(2, '2022-02-21 08:30:00', '2022-02-21 08:59:59'),
	(2, '2022-02-21 09:00:00', '2022-02-21 09:29:59'),

    (2, '2022-02-21 14:00:00', '2022-02-21 14:29:59'),

    (2, '2022-02-22 15:00:00', '2022-02-22 15:29:59'),
	(2, '2022-02-22 15:30:00', '2022-02-22 15:59:59'),
    (2, '2022-02-22 16:00:00', '2022-02-22 16:29:59'),

	(2, '2022-02-23 11:30:00', '2022-02-23 11:59:59'),
    (2, '2022-02-23 13:00:00', '2022-02-23 13:29:59'),

	(2, '2022-02-25 14:30:00', '2022-02-25 14:59:59'),
    (2, '2022-02-25 15:00:00', '2022-02-25 15:29:59'),
	(2, '2022-02-25 15:30:00', '2022-02-25 15:59:59'),
 
    (2, '2022-02-28 08:00:00', '2022-02-28 08:29:59'),
	(2, '2022-02-28 08:30:00', '2022-02-28 08:59:59'),
  
	(2, '2022-03-01 08:30:00', '2022-03-01 08:59:59'),
	(2, '2022-03-01 09:00:00', '2022-03-01 09:29:59'),

	(2, '2022-03-01 16:30:00', '2022-03-01 16:59:59'),
    (2, '2022-03-02 08:00:00', '2022-03-02 08:29:59'),
	(2, '2022-03-02 08:30:00', '2022-03-02 08:59:59'),
	
	(2, '2022-03-02 11:30:00', '2022-03-02 11:59:59'),
    (2, '2022-03-02 13:00:00', '2022-03-02 13:29:59'),
	(2, '2022-03-02 13:30:00', '2022-03-02 13:59:59'),
  
    (2, '2022-03-02 15:00:00', '2022-03-02 15:29:59'),
	(2, '2022-03-02 15:30:00', '2022-03-02 15:59:59'),






    (3, '2022-02-01 08:00:00', '2022-02-01 08:29:59'),
	(3, '2022-02-01 08:30:00', '2022-02-01 08:59:59'),
	(3, '2022-02-01 09:00:00', '2022-02-01 09:29:59'),

	(3, '2022-02-01 10:30:00', '2022-02-01 10:59:59'),
    (3, '2022-02-01 11:00:00', '2022-02-01 11:29:59'),

    (3, '2022-02-03 16:00:00', '2022-02-03 16:29:59'),
	(3, '2022-02-03 16:30:00', '2022-02-03 16:59:59'),

	(3, '2022-02-07 08:30:00', '2022-02-07 08:59:59'),
	(3, '2022-02-07 09:00:00', '2022-02-07 09:29:59'),

    (3, '2022-02-08 11:00:00', '2022-02-08 11:29:59'),
	(3, '2022-02-08 11:30:00', '2022-02-08 11:59:59'),
    (3, '2022-02-08 13:00:00', '2022-02-08 13:29:59'),

	(3, '2022-02-09 15:30:00', '2022-02-09 15:59:59'),
    (3, '2022-02-09 16:00:00', '2022-02-09 16:29:59'),
    (3, '2022-02-11 13:00:00', '2022-02-11 13:29:59'),
	(3, '2022-02-11 13:30:00', '2022-02-11 13:59:59'),
   
    (3, '2022-02-15 08:00:00', '2022-02-15 08:29:59'),
	(3, '2022-02-15 08:30:00', '2022-02-15 08:59:59'),

	(3, '2022-02-17 09:30:00', '2022-02-17 09:59:59'),
	(3, '2022-02-17 10:00:00', '2022-02-17 10:29:59'),

	(3, '2022-02-17 14:30:00', '2022-02-17 14:59:59'),
    (3, '2022-02-17 15:00:00', '2022-02-17 15:29:59'),

	(3, '2022-02-22 09:00:00', '2022-02-22 09:29:59'),
	(3, '2022-02-22 09:30:00', '2022-02-22 09:59:59'),

	(3, '2022-02-22 11:30:00', '2022-02-22 11:59:59'),
	(3, '2022-02-23 11:30:00', '2022-02-23 11:59:59'),
   
	(3, '2022-02-23 14:30:00', '2022-02-23 14:59:59'),
    (3, '2022-02-23 15:00:00', '2022-02-23 15:29:59'),

	(3, '2022-02-25 15:30:00', '2022-02-25 15:59:59'),
    (3, '2022-02-25 16:00:00', '2022-02-25 16:29:59'),
	(3, '2022-02-25 16:30:00', '2022-02-25 16:59:59'),
  
	(3, '2022-03-04 08:30:00', '2022-03-04 08:59:59'),

    (3, '2022-03-04 16:00:00', '2022-03-04 16:29:59'),
	(3, '2022-03-04 16:30:00', '2022-03-04 16:59:59'),


    (4, '2022-02-01 08:00:00', '2022-02-01 08:29:59'),
	(4, '2022-02-01 08:30:00', '2022-02-01 08:59:59'),

	(4, '2022-02-01 16:30:00', '2022-02-01 16:59:59'),
    (4, '2022-02-02 08:00:00', '2022-02-02 08:29:59'),
	(4, '2022-02-02 08:30:00', '2022-02-02 08:59:59'),

	(4, '2022-02-02 13:30:00', '2022-02-02 13:59:59'),
    (4, '2022-02-02 14:00:00', '2022-02-02 14:29:59'),

	(4, '2022-02-07 08:30:00', '2022-02-07 08:59:59'),

    (4, '2022-02-07 13:00:00', '2022-02-07 13:29:59'),
	
	(4, '2022-02-07 16:30:00', '2022-02-07 16:59:59'),
    (4, '2022-02-08 08:00:00', '2022-02-08 08:29:59'),
	
    (4, '2022-02-08 11:00:00', '2022-02-08 11:29:59'),
	(4, '2022-02-08 11:30:00', '2022-02-08 11:59:59'),
	(4, '2022-02-08 14:30:00', '2022-02-08 14:59:59'),

	(4, '2022-02-09 08:30:00', '2022-02-09 08:59:59'),
	(4, '2022-02-09 09:00:00', '2022-02-09 09:29:59'),
	(4, '2022-02-09 09:30:00', '2022-02-09 09:59:59'),

	(4, '2022-02-09 15:30:00', '2022-02-09 15:59:59'),
    (4, '2022-02-09 16:00:00', '2022-02-09 16:29:59'),

    (4, '2022-02-14 15:00:00', '2022-02-14 15:29:59'),
	(4, '2022-02-14 15:30:00', '2022-02-14 15:59:59'),
  
	(4, '2022-02-16 09:30:00', '2022-02-16 09:59:59'),
    (4, '2022-02-16 11:00:00', '2022-02-16 11:29:59'),

    (4, '2022-02-16 15:00:00', '2022-02-16 15:29:59'),
	(4, '2022-02-16 16:30:00', '2022-02-16 16:59:59'),
  
	(4, '2022-02-17 10:00:00', '2022-02-17 10:29:59'),
	(4, '2022-02-17 10:30:00', '2022-02-17 10:59:59'),
 
	(4, '2022-02-18 08:30:00', '2022-02-18 08:59:59'),

	(4, '2022-02-18 15:30:00', '2022-02-18 15:59:59'),
 
	(4, '2022-02-21 15:30:00', '2022-02-21 15:59:59'),
    (4, '2022-02-21 16:00:00', '2022-02-21 16:29:59'),

    (4, '2022-02-23 08:00:00', '2022-02-23 08:29:59'),

	(4, '2022-02-23 11:30:00', '2022-02-23 11:59:59'),
  
    (4, '2022-02-23 15:00:00', '2022-02-23 15:29:59'),

    (4, '2022-02-24 08:00:00', '2022-02-24 08:29:59'),
	(4, '2022-02-24 08:30:00', '2022-02-24 08:59:59'),

	(4, '2022-02-24 11:30:00', '2022-02-24 11:59:59'),
  
	(4, '2022-02-24 14:30:00', '2022-02-24 14:59:59'),
  
	(4, '2022-02-25 10:00:00', '2022-02-25 10:29:59'),
	(4, '2022-02-25 10:30:00', '2022-02-25 10:59:59'),
 
	(4, '2022-02-28 09:00:00', '2022-02-28 09:29:59'),
	(4, '2022-02-28 09:30:00', '2022-02-28 09:59:59'),

	(4, '2022-02-28 11:30:00', '2022-02-28 11:59:59'),
    (4, '2022-02-28 13:00:00', '2022-02-28 13:29:59'),

	(4, '2022-02-28 16:30:00', '2022-02-28 16:59:59'),
   
	(4, '2022-03-01 10:30:00', '2022-03-01 10:59:59'),
 
    (4, '2022-03-02 11:00:00', '2022-03-02 11:29:59'),

    (4, '2022-03-02 16:00:00', '2022-03-02 16:29:59'),

	(4, '2022-03-03 10:00:00', '2022-03-03 10:29:59'),

    (4, '2022-03-03 14:00:00', '2022-03-03 14:29:59'),
	(4, '2022-03-03 14:30:00', '2022-03-03 14:59:59'),

	(4, '2022-03-03 16:30:00', '2022-03-03 16:59:59'),


    (5, '2022-01-31 08:00:00', '2022-01-31 08:29:59'),
	(5, '2022-01-31 08:30:00', '2022-01-31 08:59:59'),

	(5, '2022-02-02 09:30:00', '2022-02-02 09:59:59'),
	(5, '2022-02-02 10:00:00', '2022-02-02 10:29:59'),
	(5, '2022-02-02 10:30:00', '2022-02-02 10:59:59'),
  
	(5, '2022-02-02 15:30:00', '2022-02-02 15:59:59'),
    (5, '2022-02-02 16:00:00', '2022-02-02 16:29:59'),

    (5, '2022-02-07 11:00:00', '2022-02-07 11:29:59'),
	(5, '2022-02-07 11:30:00', '2022-02-07 11:59:59'),
  
	(5, '2022-02-07 14:30:00', '2022-02-07 14:59:59'),
    (5, '2022-02-07 15:00:00', '2022-02-07 15:29:59'),

	(5, '2022-02-08 09:30:00', '2022-02-08 09:59:59'),
	(5, '2022-02-08 10:00:00', '2022-02-08 10:29:59'),

	(5, '2022-02-08 16:30:00', '2022-02-08 16:59:59'),
   
	(5, '2022-02-10 09:30:00', '2022-02-10 09:59:59'),

	(5, '2022-02-11 08:30:00', '2022-02-11 08:59:59'),
	(5, '2022-02-11 09:00:00', '2022-02-11 09:29:59'),
	
	(5, '2022-02-11 11:30:00', '2022-02-11 11:59:59'),

	(5, '2022-02-11 15:30:00', '2022-02-11 15:59:59'),
    (5, '2022-02-11 16:00:00', '2022-02-11 16:29:59'),

	(5, '2022-02-14 09:30:00', '2022-02-14 09:59:59'),

	(5, '2022-02-14 11:30:00', '2022-02-14 11:59:59'),
    (5, '2022-02-14 13:00:00', '2022-02-14 13:29:59'),
	
	(5, '2022-02-14 16:30:00', '2022-02-14 16:59:59'),
  
    (5, '2022-02-15 11:00:00', '2022-02-15 11:29:59'),

	(5, '2022-02-16 09:30:00', '2022-02-16 09:59:59'),

	(5, '2022-02-21 09:30:00', '2022-02-21 09:59:59'),

	(5, '2022-02-21 15:30:00', '2022-02-21 15:59:59'),
    (5, '2022-02-21 16:00:00', '2022-02-21 16:29:59'),
	
    (5, '2022-02-22 13:00:00', '2022-02-22 13:29:59'),
	(5, '2022-02-22 13:30:00', '2022-02-22 13:59:59'),
    (5, '2022-02-22 14:00:00', '2022-02-22 14:29:59'),

	(5, '2022-02-25 10:00:00', '2022-02-25 10:29:59'),

    (5, '2022-02-25 16:00:00', '2022-02-25 16:29:59'),
	(5, '2022-02-25 16:30:00', '2022-02-25 16:59:59'),
 
	(5, '2022-03-02 14:30:00', '2022-03-02 14:59:59'),
    (5, '2022-03-02 15:00:00', '2022-03-02 15:29:59'),

	(5, '2022-03-04 09:30:00', '2022-03-04 09:59:59'),
	(5, '2022-03-04 10:00:00', '2022-03-04 10:29:59'),

    (5, '2022-03-04 15:00:00', '2022-03-04 15:29:59'),
	(5, '2022-03-04 15:30:00', '2022-03-04 15:59:59'),
    (5, '2022-03-04 16:00:00', '2022-03-04 16:29:59'),
	(5, '2022-03-04 16:30:00', '2022-03-04 16:59:59'),





    (6, '2022-02-01 08:00:00', '2022-02-01 08:29:59'),
	(6, '2022-02-01 08:30:00', '2022-02-01 08:59:59'),

	(6, '2022-02-03 11:30:00', '2022-02-03 11:59:59'),
    (6, '2022-02-03 13:00:00', '2022-02-03 13:29:59'),

	(6, '2022-02-03 14:30:00', '2022-02-03 14:59:59'),
    (6, '2022-02-03 15:00:00', '2022-02-03 15:29:59'),
	
    (6, '2022-02-04 14:00:00', '2022-02-04 14:29:59'),

	(6, '2022-02-07 09:00:00', '2022-02-07 09:29:59'),
	(6, '2022-02-07 09:30:00', '2022-02-07 09:59:59'),

    (6, '2022-02-08 14:00:00', '2022-02-08 14:29:59'),
	(6, '2022-02-08 14:30:00', '2022-02-08 14:59:59'),
  
	(6, '2022-02-10 10:00:00', '2022-02-10 10:29:59'),
	(6, '2022-02-10 10:30:00', '2022-02-10 10:59:59'),
  
    (6, '2022-02-10 15:00:00', '2022-02-10 15:29:59'),

    (6, '2022-02-11 08:00:00', '2022-02-11 08:29:59'),
	
    (6, '2022-02-15 16:00:00', '2022-02-15 16:29:59'),
	(6, '2022-02-15 16:30:00', '2022-02-15 16:59:59'),

    (6, '2022-02-16 11:00:00', '2022-02-16 11:29:59'),
	(6, '2022-02-16 11:30:00', '2022-02-16 11:59:59'),
 
	(6, '2022-02-21 16:30:00', '2022-02-21 16:59:59'),
    (6, '2022-02-22 08:00:00', '2022-02-22 08:29:59'),

	(6, '2022-02-22 11:30:00', '2022-02-22 11:59:59'),
  
	(6, '2022-02-23 16:30:00', '2022-02-23 16:59:59'),
  
    (6, '2022-02-25 13:00:00', '2022-02-25 13:29:59'),
	(6, '2022-02-25 13:30:00', '2022-02-25 13:59:59'),
  
    (6, '2022-02-28 08:00:00', '2022-02-28 08:29:59'),
	(6, '2022-02-28 08:30:00', '2022-02-28 08:59:59'),

    (6, '2022-03-03 11:00:00', '2022-03-03 11:29:59'),
	(6, '2022-03-03 11:30:00', '2022-03-03 11:59:59'),
    (6, '2022-03-03 13:00:00', '2022-03-03 13:29:59'),

    (6, '2022-03-04 15:00:00', '2022-03-04 15:29:59'),
	(6, '2022-03-04 15:30:00', '2022-03-04 15:59:59'),
    (6, '2022-03-04 16:00:00', '2022-03-04 16:29:59'),




    (7, '2022-02-01 08:00:00', '2022-02-01 08:29:59'),
	(7, '2022-02-01 08:30:00', '2022-02-01 08:59:59'),

	(7, '2022-02-02 10:00:00', '2022-02-02 10:29:59'),

	(7, '2022-02-03 10:30:00', '2022-02-03 10:59:59'),
    (7, '2022-02-03 11:00:00', '2022-02-03 11:29:59'),

    (7, '2022-02-03 15:00:00', '2022-02-03 15:29:59'),
	(7, '2022-02-03 15:30:00', '2022-02-03 15:59:59'),
 
    (7, '2022-02-08 08:00:00', '2022-02-08 08:29:59'),

	(7, '2022-02-08 14:30:00', '2022-02-08 14:59:59'),
    (7, '2022-02-08 15:00:00', '2022-02-08 15:29:59'),

	(7, '2022-02-09 09:00:00', '2022-02-09 09:29:59'),
	(7, '2022-02-09 09:30:00', '2022-02-09 09:59:59'),

	(7, '2022-02-09 14:30:00', '2022-02-09 14:59:59'),
 
	(7, '2022-02-14 11:30:00', '2022-02-14 11:59:59'),
    (7, '2022-02-14 13:00:00', '2022-02-14 13:29:59'),

	(7, '2022-02-15 15:30:00', '2022-02-15 15:59:59'),
    (7, '2022-02-15 16:00:00', '2022-02-15 16:29:59'),

	(7, '2022-02-18 08:30:00', '2022-02-18 08:59:59'),
	(7, '2022-02-18 09:00:00', '2022-02-18 09:29:59'),

	(7, '2022-02-18 14:30:00', '2022-02-18 14:59:59'),
    (7, '2022-02-18 15:00:00', '2022-02-18 15:29:59'),

    (7, '2022-02-21 14:00:00', '2022-02-21 14:29:59'),
	
    (7, '2022-02-22 08:00:00', '2022-02-22 08:29:59'),
	(7, '2022-02-22 08:30:00', '2022-02-22 08:59:59'),
	

    (7, '2022-02-23 13:00:00', '2022-02-23 13:29:59'),
	(7, '2022-02-23 13:30:00', '2022-02-23 13:59:59'),
   
    (7, '2022-02-24 08:00:00', '2022-02-24 08:29:59'),
	(7, '2022-02-24 08:30:00', '2022-02-24 08:59:59'),

    (7, '2022-02-24 11:00:00', '2022-02-24 11:29:59'),

	(7, '2022-03-01 10:30:00', '2022-03-01 10:59:59'),
  
    (7, '2022-03-01 15:00:00', '2022-03-01 15:29:59'),
	(7, '2022-03-01 15:30:00', '2022-03-01 15:59:59'),
  
	(7, '2022-03-03 08:30:00', '2022-03-03 08:59:59'),
	
	(7, '2022-03-03 16:30:00', '2022-03-03 16:59:59'),
  
	(7, '2022-03-04 13:30:00', '2022-03-04 13:59:59'),
   
	(7, '2022-03-04 16:30:00', '2022-03-04 16:59:59'),


    (8, '2022-02-10 08:00:00', '2022-02-10 08:29:59'),

	(8, '2022-02-14 10:00:00', '2022-02-14 10:29:59'),
	(8, '2022-02-14 10:30:00', '2022-02-14 10:59:59'),
   
	(8, '2022-02-15 10:30:00', '2022-02-15 10:59:59'),
    (8, '2022-02-15 11:00:00', '2022-02-15 11:29:59'),

	(8, '2022-02-17 10:00:00', '2022-02-17 10:29:59'),
	(8, '2022-02-17 10:30:00', '2022-02-17 10:59:59'),
    (8, '2022-02-17 11:00:00', '2022-02-17 11:29:59'),
	
	(8, '2022-02-17 16:30:00', '2022-02-17 16:59:59'),
   
    (8, '2022-02-18 11:00:00', '2022-02-18 11:29:59'),

    (8, '2022-02-21 16:00:00', '2022-02-21 16:29:59'),
	(8, '2022-02-21 16:30:00', '2022-02-21 16:59:59'),

	(8, '2022-02-23 16:30:00', '2022-02-23 16:59:59'),
  
	(8, '2022-02-24 15:30:00', '2022-02-24 15:59:59'),
  
	(8, '2022-02-25 10:00:00', '2022-02-25 10:29:59'),

	(8, '2022-03-01 09:00:00', '2022-03-01 09:29:59'),

    (8, '2022-03-01 13:00:00', '2022-03-01 13:29:59'),

	(8, '2022-03-01 15:30:00', '2022-03-01 15:59:59'),
    (8, '2022-03-01 16:00:00', '2022-03-01 16:29:59'),

	(8, '2022-03-02 08:30:00', '2022-03-02 08:59:59'),

    (8, '2022-03-03 11:00:00', '2022-03-03 11:29:59'),

	(8, '2022-03-03 13:30:00', '2022-03-03 13:59:59'),
    (8, '2022-03-03 14:00:00', '2022-03-03 14:29:59'),
	
	(8, '2022-03-04 13:30:00', '2022-03-04 13:59:59'),
 
    (8, '2022-03-04 16:00:00', '2022-03-04 16:29:59'),
	(8, '2022-03-04 16:30:00', '2022-03-04 16:59:59'),



    (9, '2022-01-31 08:00:00', '2022-01-31 08:29:59'),

	(9, '2022-01-31 10:00:00', '2022-01-31 10:29:59'),
	
	(9, '2022-01-31 15:30:00', '2022-01-31 15:59:59'),
  
	(9, '2022-02-01 09:00:00', '2022-02-01 09:29:59'),
	(9, '2022-02-01 09:30:00', '2022-02-01 09:59:59'),
	
	(9, '2022-02-01 14:30:00', '2022-02-01 14:59:59'),
   
   
	(9, '2022-02-02 13:30:00', '2022-02-02 13:59:59'),
  
	(9, '2022-02-02 16:30:00', '2022-02-02 16:59:59'),

	(9, '2022-02-07 11:30:00', '2022-02-07 11:59:59'),
  
	(9, '2022-02-07 14:30:00', '2022-02-07 14:59:59'),
  
    (9, '2022-02-08 11:00:00', '2022-02-08 11:29:59'),
	(9, '2022-02-08 11:30:00', '2022-02-08 11:59:59'),
   
	(9, '2022-02-09 08:30:00', '2022-02-09 08:59:59'),

    (9, '2022-02-09 13:00:00', '2022-02-09 13:29:59'),
	
	(9, '2022-02-09 16:30:00', '2022-02-09 16:59:59'),
  
	(9, '2022-02-11 09:30:00', '2022-02-11 09:59:59'),
	(9, '2022-02-11 10:00:00', '2022-02-11 10:29:59'),

	(9, '2022-02-11 16:30:00', '2022-02-11 16:59:59'),
  
	(9, '2022-02-15 09:30:00', '2022-02-15 09:59:59'),

    (9, '2022-02-15 15:00:00', '2022-02-15 15:29:59'),

    (9, '2022-02-16 08:00:00', '2022-02-16 08:29:59'),

	(9, '2022-02-16 10:00:00', '2022-02-16 10:29:59'),
	
	(9, '2022-02-17 09:30:00', '2022-02-17 09:59:59'),

    (9, '2022-02-17 13:00:00', '2022-02-17 13:29:59'),
	
	(9, '2022-02-17 16:30:00', '2022-02-17 16:59:59'),
   
	(9, '2022-02-21 09:00:00', '2022-02-21 09:29:59'),
	
	(9, '2022-02-22 09:30:00', '2022-02-22 09:59:59'),

	(9, '2022-02-22 11:30:00', '2022-02-22 11:59:59'),
    (9, '2022-02-22 13:00:00', '2022-02-22 13:29:59'),

    (9, '2022-02-22 14:00:00', '2022-02-22 14:29:59'),
	
	(9, '2022-02-23 09:30:00', '2022-02-23 09:59:59'),

    (9, '2022-02-23 13:00:00', '2022-02-23 13:29:59'),
	(9, '2022-02-23 13:30:00', '2022-02-23 13:59:59'),
  
	(9, '2022-02-24 08:30:00', '2022-02-24 08:59:59'),

	(9, '2022-02-24 10:30:00', '2022-02-24 10:59:59'),
    (9, '2022-02-24 11:00:00', '2022-02-24 11:29:59'),

	(9, '2022-02-24 15:30:00', '2022-02-24 15:59:59'),
	(9, '2022-02-24 16:30:00', '2022-02-24 16:59:59'),
    (9, '2022-02-25 08:00:00', '2022-02-25 08:29:59'),
	
    (9, '2022-02-25 13:00:00', '2022-02-25 13:29:59'),

	(9, '2022-02-25 15:30:00', '2022-02-25 15:59:59'),
    (9, '2022-02-25 16:00:00', '2022-02-25 16:29:59'),

	(9, '2022-02-28 10:00:00', '2022-02-28 10:29:59'),
	(9, '2022-02-28 10:30:00', '2022-02-28 10:59:59'),
  
    (9, '2022-02-28 14:00:00', '2022-02-28 14:29:59'),
	(9, '2022-02-28 14:30:00', '2022-02-28 14:59:59'),
    (9, '2022-02-28 15:00:00', '2022-02-28 15:29:59'),
	
	(9, '2022-03-01 11:30:00', '2022-03-01 11:59:59'),
    (9, '2022-03-01 13:00:00', '2022-03-01 13:29:59'),

    (9, '2022-03-01 15:00:00', '2022-03-01 15:29:59'),
	(9, '2022-03-01 15:30:00', '2022-03-01 15:59:59'),
   
	(9, '2022-03-02 11:30:00', '2022-03-02 11:59:59'),
  
	(9, '2022-03-02 14:30:00', '2022-03-02 14:59:59'),
 
	(9, '2022-03-03 09:30:00', '2022-03-03 09:59:59'),
	(9, '2022-03-03 10:00:00', '2022-03-03 10:29:59'),
	
    (9, '2022-03-03 13:00:00', '2022-03-03 13:29:59'),
	(9, '2022-03-03 13:30:00', '2022-03-03 13:59:59'),
   
    (9, '2022-03-04 11:00:00', '2022-03-04 11:29:59'),
	(9, '2022-03-04 11:30:00', '2022-03-04 11:59:59'),
    (9, '2022-03-04 13:00:00', '2022-03-04 13:29:59'),
	
	(9, '2022-03-04 14:30:00', '2022-03-04 14:59:59'),
	(9, '2022-03-04 15:30:00', '2022-03-04 15:59:59'),
    (9, '2022-03-04 16:00:00', '2022-03-04 16:29:59'),
	(9, '2022-03-04 16:30:00', '2022-03-04 16:59:59'),


    (10, '2022-02-14 08:00:00', '2022-02-14 08:29:59'),
	(10, '2022-02-14 08:30:00', '2022-02-14 08:59:59'),

	(10, '2022-02-14 11:30:00', '2022-02-14 11:59:59'),
    (10, '2022-02-14 13:00:00', '2022-02-14 13:29:59'),

	(10, '2022-02-14 14:30:00', '2022-02-14 14:59:59'),
    (10, '2022-02-14 15:00:00', '2022-02-14 15:29:59'),
	(10, '2022-02-14 15:30:00', '2022-02-14 15:59:59'),
  
    (10, '2022-02-16 11:00:00', '2022-02-16 11:29:59'),

	(10, '2022-02-16 15:30:00', '2022-02-16 15:59:59'),
    (10, '2022-02-16 16:00:00', '2022-02-16 16:29:59'),

    (10, '2022-02-18 11:00:00', '2022-02-18 11:29:59'),
	(10, '2022-02-18 11:30:00', '2022-02-18 11:59:59'),
	(10, '2022-02-18 14:30:00', '2022-02-18 14:59:59'),
    (10, '2022-02-18 15:00:00', '2022-02-18 15:29:59'),

    (10, '2022-02-21 08:00:00', '2022-02-21 08:29:59'),
	(10, '2022-02-21 08:30:00', '2022-02-21 08:59:59'),

    (10, '2022-02-21 11:00:00', '2022-02-21 11:29:59'),

    (10, '2022-02-21 13:00:00', '2022-02-21 13:29:59'),
	(10, '2022-02-21 13:30:00', '2022-02-21 13:59:59'),
 
	(10, '2022-02-22 14:30:00', '2022-02-22 14:59:59'),
  
    (10, '2022-02-24 08:00:00', '2022-02-24 08:29:59'),
	(10, '2022-02-24 08:30:00', '2022-02-24 08:59:59'),

	(10, '2022-02-24 10:30:00', '2022-02-24 10:59:59'),
    (10, '2022-02-24 11:00:00', '2022-02-24 11:29:59'),

    (10, '2022-02-24 14:00:00', '2022-02-24 14:29:59'),
	
	(10, '2022-02-25 15:30:00', '2022-02-25 15:59:59'),
    (10, '2022-02-25 16:00:00', '2022-02-25 16:29:59'),

	(10, '2022-03-01 10:00:00', '2022-03-01 10:29:59'),
	(10, '2022-03-01 10:30:00', '2022-03-01 10:59:59'),
  
    (10, '2022-03-01 15:00:00', '2022-03-01 15:29:59'),
	
	(10, '2022-03-01 16:30:00', '2022-03-01 16:59:59'),
    (10, '2022-03-04 08:00:00', '2022-03-04 08:29:59'),
	(10, '2022-03-04 08:30:00', '2022-03-04 08:59:59'),

    (10, '2022-03-04 15:00:00', '2022-03-04 15:29:59'),
    (10, '2022-03-04 16:00:00', '2022-03-04 16:29:59'),
	(10, '2022-03-04 16:30:00', '2022-03-04 16:59:59');